iter	MultiClass
0	1.031349559
1	0.9815661864
2	0.9352060476
3	0.893741543
4	0.8537779177
5	0.8183277571
6	0.788790616
7	0.7587497517
8	0.7254021618
9	0.6973190853
10	0.6743873562
11	0.6517000361
